{"stats":{"minecraft:picked_up":{"minecraft:rotten_flesh":1},"minecraft:killed":{"minecraft:zombie":1},"minecraft:custom":{"minecraft:jump":47,"minecraft:time_since_rest":1262,"minecraft:leave_game":1,"minecraft:walk_on_water_one_cm":524,"minecraft:damage_dealt":239,"minecraft:crouch_one_cm":7,"minecraft:deaths":1,"minecraft:sprint_one_cm":8617,"minecraft:play_time":2519,"minecraft:damage_taken":400,"minecraft:time_since_death":1221,"minecraft:walk_one_cm":11264,"minecraft:sneak_time":5,"minecraft:total_world_time":2519,"minecraft:walk_under_water_one_cm":917,"minecraft:mob_kills":1,"minecraft:swim_one_cm":2192,"minecraft:fall_one_cm":6272,"minecraft:fly_one_cm":11505},"minecraft:killed_by":{"minecraft:skeleton":1}},"DataVersion":3465}