{"stats":{"minecraft:mined":{"minecraft:grass_block":1,"minecraft:jungle_leaves":1,"minecraft:dirt":1,"biomesoplenty:toadstool":3},"minecraft:used":{"minecraft:dirt":2},"minecraft:picked_up":{"biomesoplenty:toadstool":2,"minecraft:dirt":2},"minecraft:custom":{"minecraft:jump":93,"minecraft:time_since_rest":3513,"minecraft:leave_game":1,"minecraft:damage_taken":30,"minecraft:sprint_one_cm":9788,"minecraft:play_time":3513,"minecraft:time_since_death":3513,"minecraft:walk_one_cm":4648,"minecraft:total_world_time":3513,"minecraft:fall_one_cm":3817,"minecraft:fly_one_cm":16013}},"DataVersion":3465}