{"stats":{"minecraft:crafted":{"minecraft:oak_planks":4},"minecraft:used":{"byg:yellow_daffodil":1},"minecraft:dropped":{"minecraft:enchanted_book":1,"minecraft:diamond_sword":1,"minecraft:wheat_seeds":3,"minecraft:netherite_sword":2,"minecraft:diamond_helmet":1},"minecraft:picked_up":{"byg:yellow_daffodil":1,"byg:pink_allium":1,"minecraft:wheat_seeds":3,"minecraft:netherite_sword":1,"minecraft:oak_log":1},"minecraft:killed_by":{"minecraft:spider":1,"minecraft:zombie":1},"minecraft:mined":{"minecraft:grass":32,"byg:clover_patch":1,"minecraft:oak_log":1,"byg:yellow_daffodil":1,"byg:pink_allium":1},"minecraft:custom":{"minecraft:time_since_rest":17875,"minecraft:open_chest":2,"minecraft:crouch_one_cm":81,"minecraft:damage_taken":480,"minecraft:play_time":72577,"minecraft:sprint_one_cm":60374,"minecraft:deaths":2,"minecraft:walk_one_cm":32820,"minecraft:sneak_time":279,"minecraft:walk_under_water_one_cm":251,"minecraft:drop":8,"minecraft:jump":325,"minecraft:damage_dealt":67,"minecraft:leave_game":8,"minecraft:time_since_death":21027,"minecraft:walk_on_water_one_cm":1427,"minecraft:sleep_in_bed":1,"minecraft:total_world_time":72577,"minecraft:climb_one_cm":711,"minecraft:fall_one_cm":8295,"minecraft:fly_one_cm":183639,"minecraft:open_barrel":1}},"DataVersion":3120}