{"stats":{"minecraft:killed_by":{"minecraft:spider":1},"minecraft:mined":{"minecraft:grass":30,"byg:clover_patch":1,"byg:yellow_daffodil":1,"byg:pink_allium":1},"minecraft:used":{"byg:yellow_daffodil":1},"minecraft:dropped":{"minecraft:wheat_seeds":3},"minecraft:picked_up":{"byg:yellow_daffodil":1,"byg:pink_allium":1,"minecraft:wheat_seeds":3},"minecraft:custom":{"minecraft:time_since_rest":9986,"minecraft:open_chest":1,"minecraft:damage_taken":260,"minecraft:sprint_one_cm":33860,"minecraft:play_time":14574,"minecraft:deaths":1,"minecraft:walk_one_cm":21262,"minecraft:walk_under_water_one_cm":251,"minecraft:drop":3,"minecraft:jump":153,"minecraft:damage_dealt":52,"minecraft:leave_game":5,"minecraft:walk_on_water_one_cm":1427,"minecraft:time_since_death":9960,"minecraft:climb_one_cm":711,"minecraft:total_world_time":14574,"minecraft:fall_one_cm":4286,"minecraft:fly_one_cm":35769,"minecraft:open_barrel":1}},"DataVersion":3120}