{"stats":{"minecraft:killed_by":{"minecraft:zombie":1},"minecraft:mined":{"minecraft:grass":5},"minecraft:custom":{"minecraft:jump":95,"minecraft:time_since_rest":2436,"minecraft:leave_game":1,"minecraft:damage_dealt":10,"minecraft:crouch_one_cm":749,"minecraft:deaths":1,"minecraft:sprint_one_cm":7215,"minecraft:play_time":5728,"minecraft:damage_taken":245,"minecraft:time_since_death":1542,"minecraft:walk_one_cm":4479,"minecraft:sneak_time":149,"minecraft:total_world_time":5728,"minecraft:fall_one_cm":1521,"minecraft:fly_one_cm":28900}},"DataVersion":3120}